"lambda","accuracy_score","roc_score","n"
0.0120619337426052,0.864406779661017,0.872106481481481,0
0.0120619337426052,0.864406779661017,0.872106481481481,0
